{"scores": {"J\u00e9r\u00e9mie du Boisberranger": 0.8888888888888888, "Olivier Grisel": 0.9444444444444444, "Adrin Jalali": 0.9166666666666667, "Guillaume Lemaitre": 0.9722222222222222, "Thomas J. Fan": 0.8333333333333333, "Yao Xiao": 0.5833333333333334, "Christian Lorentzen": 0.7222222222222222, "Tim Head": 0.7777777777777778, "Johann": 0.11267605633802817, "jpienaar-tuks": 0.29577464788732394, "Akihiro Kuno": 0.3591549295774648, "raisadz": 0.09154929577464789, "Omar Salman": 0.8055555555555556, "Lo\u00efc Est\u00e8ve": 0.6944444444444444, "Stefanie Senger": 0.5555555555555556, "Conrad": 0.028169014084507043, "Conrad Stevens": 0.04929577464788733, "Arturo Amor": 0.8611111111111112, "Tuhin Sharma": 0.3380281690140845, "bivav": 0.035211267605633804, "Andreas Mueller": 0.6388888888888888, "Joel Nothman": 0.6666666666666666, "Soledad Galli": 0.75, "Xiao Yuan": 0.3873239436619718, "Lucy Liu": 0.08450704225352113, "Gael Varoquaux": 0.49295774647887325, "Will Dean": 0.06338028169014084, "Eric Lindgren": 0.471830985915493, "Franck Charras": 0.5, "Julien Jerphanion": 0.6111111111111112, "Oleksii Kachaiev": 0.4859154929577465, "J\u00e9r\u00f4me Dock\u00e8s": 0.35211267605633806, "Gyeongjae Choi": 0.09859154929577466, "Rahil Parikh": 0.3098591549295775, "Randolf Scholz": 0.36619718309859156, "myenugula": 0.07042253521126761, "Duarte S\u00e3o Jos\u00e9": 0.056338028169014086, "Kaushik Amar Das": 0.4084507042253521, "Hong Xiang Yue": 0.28169014084507044, "Marija Vlajic": 0.4295774647887324, "Adam Li": 0.47887323943661975, "Patrick Wang": 0.38028169014084506, "ArturoAmorQ": 0.4507042253521127, "miguelcsilva": 0.5277777777777778, "Xuefeng Xu": 0.2535211267605634, "Naziya Mahimkar": 0.1619718309859155, "Julian Libiseller-Egger": 0.4014084507042254, "Ralf Gommers": 0.4647887323943662, "lihaitao": 0.14084507042253522, "Krsto Prorokovi\u0107": 0.2887323943661972, "Reshama Shaikh": 0.007042253521126761, "Ricardo": 0.04225352112676056, "Ralph Urlus": 0.4225352112676056, "Jack Bowyer": 0.1267605633802817, "Vineet Joshi": 0.2112676056338028, "Marco Edward Gorelli": 0.34507042253521125, "Cemlyn": 0.17605633802816903, "Cemlyn Coirier-Roberts": 0.23943661971830987, "Johanna Bayer": 0.18309859154929578, "Michael Higgins": 0.22535211267605634, "Dipan Banik": 0.16901408450704225, "Thanh Lam DANG": 0.4154929577464789, "Xavier Beltran": 0.3732394366197183, "crispinlogan": 0.20422535211267606, "SarahRemus": 0.323943661971831, "ge72mum": 0.19014084507042253, "Filip Karlo Do\u0161ilovi\u0107": 0.3028169014084507, "Suha Siddiqui": 0.31690140845070425, "Jiawei Zhang": 0.11971830985915494, "LeoGrin": 0.4366197183098592, "Christian Veenhuis": 0.1056338028169014, "Bruno": 0.24647887323943662, "Eddie Bergman": 0.14788732394366197, "Ana Paula Gomes": 0.13380281690140847, "John Hopfensperger": 0.45774647887323944, "s-banach": 0.33098591549295775, "Michael Mayer": 0.44366197183098594, "Egehan Gunduz": 0.2183098591549296, "VarunChaduvula": 0.26760563380281693, "sperret6": 0.2323943661971831, "jpcars": 0.014084507042253521, "Higgs32584": 0.3943661971830986, "Rodrigo Romero": 0.15492957746478875, "Manuel Labb\u00e9": 0.2605633802816901, "manasimj": 0.1971830985915493, "Shubham": 0.07746478873239437, "Anderson Nelson": 0.2746478873239437, "101AlexMartin": 0.0, "Alejandro Martin": 0.02112676056338028}}