{"scores": {"Anne Beyer": 0.5833333333333334, "Olivier Grisel": 0.9583333333333333, "Christian Lorentzen": 0.75, "J\u00e9r\u00e9mie du Boisberranger": 0.9791666666666667, "Lo\u00efc Est\u00e8ve": 0.9375, "Omar Salman": 0.8541666666666667, "Tim Head": 0.7916666666666667, "Virgil Chan": 0.8125, "Arthur Lacote": 0.7083333333333334, "antoinebaker": 0.7291666666666666, "Fran\u00e7ois Paugam": 0.4842105263157895, "Stefanie Senger": 0.9166666666666667, "Lucy Liu": 0.875, "Maren Westermann": 0.6666666666666666, "Vivaan Nanavati": 0.4631578947368421, "Gaetan": 0.09473684210526316, "Sota Goto": 0.18421052631578946, "ArturoAmorQ": 0.6875, "Faizan-Ul Huda": 0.15789473684210525, "Arturo Amor": 0.7708333333333333, "Adam Li": 0.45789473684210524, "Josef Affourtit": 0.42105263157894735, "Shruti Nath": 0.20526315789473684, "Fran\u00e7ois Goupil": 0.4789473684210526, "Adrin Jalali": 0.8958333333333333, "Dmitry Kobak": 0.4263157894736842, "Daniel Herrera-Esposito": 0.23684210526315788, "Guillaume Lemaitre": 0.8333333333333333, "Success Moses": 0.5625, "Christine P. Chai": 0.4526315789473684, "Matt J.": 0.24736842105263157, "Dea Mar\u00eda L\u00e9on": 0.5416666666666666, "Gael Varoquaux": 0.47368421052631576, "pfolch": 0.46842105263157896, "Mahi Dhiman": 0.4894736842105263, "Thomas S.": 0.24210526315789474, "Zubair Shakoor": 0.010526315789473684, "Kenneth Enevoldsen": 0.08947368421052632, "J\u00e9r\u00f4me Dock\u00e8s": 0.39473684210526316, "Marco Edward Gorelli": 0.11052631578947368, "Emily (Xinyi) Chen": 0.43157894736842106, "ph-ll-pp": 0.13157894736842105, "Marc Bresson": 0.04736842105263158, "Dan Schult": 0.015789473684210527, "Anthony Gitter": 0.03684210526315789, "ThibaultDECO": 0.3736842105263158, "Christian Stec": 0.021052631578947368, "cstec": 0.02631578947368421, "kostayScr": 0.49473684210526314, "xuzhang0327": 0.11578947368421053, "Sercan Turkmen": 0.3368421052631579, "Tiziano Zito": 0.042105263157894736, "Thomas J. Fan": 0.6458333333333334, "Reshama Shaikh": 0.23157894736842105, "Yao Xiao": 0.18947368421052632, "Christian Veenhuis": 0.21052631578947367, "VirenPassi": 0.4473684210526316, "AnthonyPrudent": 0.09999999999999999, "Adam J. Stewart": 0.14736842105263157, "Casey Heath": 0.12105263157894737, "Ravichandranayakar": 0.17894736842105263, "GaetandeCast": 0.14210526315789473, "Sarthak Puri": 0.17368421052631577, "Maurya Ghogare": 0.33157894736842103, "Rishi Prasad": 0.4421052631578947, "RishiP2006": 0.4052631578947368, "Spencer Bradkin": 0.3157894736842105, "Mamduh Zabidi": 0.30526315789473685, "Gesa Loof": 0.28421052631578947, "Devansh Baghla": 0.31052631578947365, "dbXD320": 0.3, "Roberto Mourao": 0.05263157894736842, "rnmourao": 0.12631578947368421, "Alexander Fabisch": 0.6041666666666666, "Charles Hill": 0.5, "Edoardo Abati": 0.625, "Junaid": 0.07368421052631578, "John Hendricks": 0.005263157894736842, "Miguel Parece": 0.06842105263157895, "Alexandre Abraham": 0.38421052631578945, "Maitrey Talware": 0.06315789473684211, "Work": 0.0, "Kapil Parekh": 0.07894736842105263, "Patrick Walsh": 0.1368421052631579, "hakan \u00e7anak\u00e7\u0131": 0.25789473684210523, "Veghit": 0.16842105263157894, "Yaroslav Halchenko": 0.25263157894736843, "kryggird": 0.2736842105263158, "Lakshmi Krishnan": 0.15263157894736842, "Luis": 0.39999999999999997, "Ian Faust": 0.2894736842105263, "Gleb Levitski": 0.19999999999999998, "NotAceNinja": 0.10526315789473684, "Ved Thorat": 0.031578947368421054, "S. M. Mohiuddin Khan Shiam": 0.2263157894736842, "elenafillo": 0.05789473684210526, "L G Nithish Reddy": 0.2789473684210526, "nithish-74": 0.35789473684210527, "Krishnan Vignesh": 0.29473684210526313, "Joris Van den Bossche": 0.43684210526315786, "Gon\u00e7alo Guiomar": 0.22105263157894736, "Marie Sacksick": 0.08421052631578947, "jshn9515": 0.19473684210526315, "saskra": 0.3684210526315789, "Nicolas Bolle": 0.26842105263157895, "$id": 0.34210526315789475, "Michael \u0160im\u00e1\u010dek": 0.3263157894736842, "Roshangoli": 0.21578947368421053, "Jsy": 0.34736842105263155, "SiyuJin-1": 0.3631578947368421, "Deepyaman Datta": 0.37894736842105264, "Rafael Ayll\u00f3n Gavil\u00e1n": 0.3526315789473684, "Evgeni Burovski": 0.2631578947368421, "Sylvain Combettes": 0.3894736842105263, "Marija Vlajic": 0.4105263157894737, "Thomas Li": 0.41578947368421054, "sisird864": 0.1631578947368421, "Natalia Mokeeva": 0.32105263157894737, "Ayrat": 0.5208333333333334}}