{"scores": {"J\u00e9r\u00e9mie du Boisberranger": 0.975, "Mikhail Iljin": 0.14743589743589744, "Meekail Zain": 0.9375, "Thomas J. Fan": 0.9625, "Guillaume Lemaitre": 0.9875, "Julien Jerphanion": 0.95, "Tim Head": 0.8625, "Arturo Amor": 0.875, "Olivier Grisel": 0.925, "Adam Li": 0.38782051282051283, "Jong Shin": 0.07692307692307693, "Denis": 0.10576923076923077, "Lo\u00efc Est\u00e8ve": 0.8875, "Rahil Parikh": 0.8375, "Emir": 0.35256410256410253, "Christian Lorentzen": 0.9125, "Alexandre Gramfort": 0.3365384615384615, "PAB": 0.32371794871794873, "mathurinm": 0.34935897435897434, "Omar Salman": 0.46794871794871795, "Madhura Jayaratne": 0.5125, "Shrankhla Srivastava": 0.09615384615384615, "Vincent M": 0.6875, "Bernd Fritzke": 0.10256410256410256, "krishna vamsi": 0.2980769230769231, "Juan Felipe Arias": 0.4583333333333333, "Chiara Marmo": 0.85, "Vitor SRG": 0.75, "Adrin Jalali": 0.7625, "Eleanore Denies": 0.1378205128205128, "Maxim Smolskiy": 0.22435897435897434, "Apostolos Tsetoglou": 0.016025641025641024, "SarahRemus": 0.019230769230769232, "ge72mum": 0.0, "Ti-Ion": 0.30448717948717946, "Tig": 0.3076923076923077, "Rudresh Veerkhare": 0.4391025641025641, "Safiuddin Khaja": 0.3974358974358974, "Christine P. Chai": 0.7, "Ashwin Mathur": 0.825, "Guillem Garc\u00eda Subies": 0.33974358974358976, "Tom Dupr\u00e9 la Tour": 0.55, "Franck Charras": 0.3557692307692308, "Carlos Ramos Carre\u00f1o": 0.24679487179487178, "Maxwell Liu": 0.9, "Mike Altonji": 0.29166666666666663, "Gleb Levitski": 0.2564102564102564, "Jo\u00e3o David": 0.3141025641025641, "Flynn": 0.28205128205128205, "x110": 0.8125, "Michelle Paradis": 0.36858974358974356, "Mansi Agrawal": 0.266025641025641, "Mia Baji\u0107": 0.34615384615384615, "Irene": 0.11538461538461538, "Robert Juergens": 0.12179487179487179, "Juan Martin Loyola": 0.21794871794871795, "mauroantonioserrano": 0.2692307692307692, "Takeshi Oura": 0.525, "Rushil Desai": 0.41025641025641024, "Hao Chun Chang": 0.775, "Claudio Salvatore Arcidiacono": 0.2724358974358974, "Maren Westermann": 0.49679487179487175, "Shoaib Khan": 0.09935897435897435, "seljaks": 0.08974358974358974, "diederikwp": 0.41666666666666663, "Harsh Agrawal": 0.23397435897435898, "Bartosz Telenczuk": 0.65, "Ilia Ivanov": 0.575, "Leonard Binet": 0.5375, "L\u00e9onard Binet": 0.49358974358974356, "Darren Nguyen": 0.4423076923076923, "recovery1": 0.483974358974359, "Samuel O. Ronsin": 0.4519230769230769, "Nestor Navarro": 0.47115384615384615, "Nicolas": 0.4487179487179487, "b0rxington": 0.09294871794871795, "Arisa": 0.04807692307692307, "iofall": 0.04487179487179487, "francesco-tuveri": 0.14423076923076922, "Biswaroop Mitra": 0.1858974358974359, "Adrian Trujillo Duron": 0.3173076923076923, "Edoardo Abati": 0.3717948717948718, "Steve Schmerler": 0.038461538461538464, "Z Adil Khwaja": 0.125, "shellyfung": 0.28525641025641024, "3lLobo": 0.4455128205128205, "Maria Telenczuk": 0.1891025641025641, "Michael Flaks": 0.08653846153846154, "mrastgoo": 0.0641025641025641, "nitinramvelraj": 0.08012820512820512, "Salahuddin": 0.5625, "Mehgarg": 0.358974358974359, "Stefanie Molin": 0.7875, "Naoise Holohan": 0.3942307692307692, "stellalin7": 0.14102564102564102, "Olle Lukowski": 0.15705128205128205, "Kendall": 0.4358974358974359, "Amit Bera": 0.05448717948717949, "mehmetcanakbay": 0.42628205128205127, "Tobias Pitters": 0.16025641025641024, "Ravi Makhija": 0.041666666666666664, "Henry Sorsky": 0.41346153846153844, "Maxi Marufo": 0.17307692307692307, "Maximiliano Marufo": 0.22115384615384615, "Eric Fiegel": 0.8, "Lucy Liu": 0.7125, "Sean Atukorala": 0.10897435897435898, "Kirandevraj": 0.20192307692307693, "Rachit Keerti Das": 0.21474358974358973, "Timofei Kornev": 0.11858974358974358, "Alexandre Perez-Lebel": 0.21153846153846154, "Kian Eliasi": 0.47435897435897434, "2357juan": 0.6, "Juan Gomez": 0.725, "wattai": 0.24358974358974358, "Sabri Monaf Sabri": 0.1955128205128205, "Aiko": 0.1346153846153846, "Richard Klima": 0.27884615384615385, "lingyi1110": 0.18269230769230768, "Nathan Jacobi": 0.1987179487179487, "Brett Cannon": 0.3814102564102564, "osman tamer": 0.13141025641025642, "Shao Yang Hong": 0.4807692307692307, "arka204": 0.625, "Stella Lin": 0.01282051282051282, "Rowan Mankoo": 0.20833333333333331, "Jiten Sidhpura": 0.3846153846153846, "Nymark Kho": 0.4647435897435897, "SangamSwadik": 0.5, "Dhanshree Arora": 0.24038461538461536, "Tom Mathews": 0.4551282051282051, "Nihal Thukarama Rao": 0.2532051282051282, "Nass": 0.25, "Rob Crockett": 0.16987179487179488, "the-syd-sre": 0.16666666666666666, "Olivor Holman": 0.0673076923076923, "o-holman": 0.07371794871794872, "Philipp Jung": 0.3108974358974359, "avm19": 0.23717948717948717, "Pratik Chowdhury": 0.7375, "jakirkham": 0.675, "Sangam Swadi K": 0.2756410256410256, "Roth E Conrad": 0.6375, "Reshama Shaikh": 0.6625, "berkecanrizai": 0.3205128205128205, "Sandro Ephrem": 0.30128205128205127, "yanhong-zhao-ef": 0.375, "BdeGraaff": 0.3269230769230769, "Diadochokinetic": 0.42948717948717946, "anupam": 0.391025641025641, "Vicente Reyes-Puerta": 0.47756410256410253, "Simon": 0.2948717948717949, "drew-hogg-datascience": 0.36538461538461536, "drewhogg": 0.4006410256410256, "Nwanna-Joseph": 0.4230769230769231, "DanielGaerber": 0.22756410256410256, "Oyindamola Olatunji": 0.028846153846153844, "Kanishk Sachdev": 0.26282051282051283, "EliaSchiavon": 0.3782051282051282, "sec65": 0.20512820512820512, "Moritz Wilksch": 0.43269230769230765, "Brandon TH Chen": 0.17628205128205127, "Omar Hassoun": 0.060897435897435896, "Victor Ko": 0.4198717948717949, "trinhcon": 0.4615384615384615, "Paulo Sergio  Soares": 0.3301282051282051, "Sven Stehle": 0.40705128205128205, "aman kumar": 0.05128205128205128, "Gauthier I": 0.05769230769230769, "Kanissh": 0.08333333333333333, "priyam kakati": 0.1923076923076923, "Pierre Ablin": 0.40384615384615385, "ArturoAmorQ": 0.48717948717948717, "Gael Varoquaux": 0.6125, "Juan Carlos Alfaro Jim\u00e9nez": 0.28846153846153844, "Joan Massich": 0.5875, "Mathias Andersen": 0.36217948717948717, "Madina Kasymova": 0.035256410256410256, "madinak": 0.022435897435897436, "Angela": 0.009615384615384616, "angela-maennel": 0.03205128205128205, "Kevin Roice": 0.3333333333333333, "harshit5674": 0.11217948717948717, "Roman Ivanets": 0.003205128205128205, "Roman4oo": 0.02564102564102564, "MDouriez": 0.16346153846153846, "Muriel": 0.49038461538461536, "johnthagen": 0.2596153846153846, "David Gilbertson": 0.1794871794871795, "Peter Jansson": 0.07051282051282051, "Robert Hommes": 0.23076923076923075, "Alex": 0.15064102564102563, "Ivan Sedykh": 0.00641025641025641, "Naipawat Poolsawat": 0.15384615384615385, "Srinath Kailasa": 0.1282051282051282, "Rocco Meli": 0.34294871794871795}}