{"scores": {"Stefanie Senger": 0.8333333333333333, "Xiao Yuan": 0.43209876543209874, "Thomas J. Fan": 0.9523809523809523, "Virgil Chan": 0.7619047619047619, "Adrin Jalali": 0.9285714285714286, "J\u00e9r\u00e9mie du Boisberranger": 0.7380952380952381, "Lo\u00efc Est\u00e8ve": 0.8571428571428572, "Olivier Grisel": 0.9047619047619048, "mekleo": 0.1419753086419753, "Santiago Castro": 0.14814814814814814, "antoinebaker": 0.4135802469135802, "Chiara Marmo": 0.018518518518518517, "Christian Lorentzen": 0.6428571428571428, "Omar Salman": 0.8809523809523809, "Guillaume Lemaitre": 0.9761904761904762, "James Budarz": 0.49382716049382713, "Stephen Pardy": 0.42592592592592593, "freddyaboulton": 0.47530864197530864, "Jiaming Yuan": 0.31481481481481477, "Acciaro Gennaro Daniele": 0.4567901234567901, "Nithish Bolleddula": 0.5714285714285714, "Carlo Lemos": 0.43827160493827155, "Rajath": 0.0, "rajath.k": 0.012345679012345678, "Yao Xiao": 0.5476190476190477, "Marie Sacksick": 0.2901234567901234, "Adam Li": 0.6666666666666666, "Marc Torrellas Socastro": 0.38888888888888884, "Noam Keidar": 0.3395061728395061, "Janez Dem\u0161ar": 0.25925925925925924, "Arthur Courselle": 0.2222222222222222, "Guntitat Sawadwuthikul": 0.3333333333333333, "Maxwell Liu": 0.4691358024691358, "Austin": 0.24691358024691357, "Santiago M. Mola": 0.48765432098765427, "Zachary Vealey": 0.4444444444444444, "NoPenguinsLand": 0.35185185185185186, "Jaimin Chauhan": 0.4629629629629629, "Evelyn": 0.15432098765432098, "claudio": 0.3765432098765432, "Tialo": 0.5, "sean moiselle": 0.04938271604938271, "Joseph Barbier": 0.38271604938271603, "aurelienmorgan": 0.13580246913580246, "JorgeCardenas": 0.19135802469135801, "Ivan Pan": 0.09259259259259259, "datarollhexasphericon": 0.12345679012345678, "Miguel C\u00e1rdenas": 0.24074074074074073, "John Hopfensperger": 0.7142857142857143, "Marc Bresson": 0.7857142857142857, "Shruti Nath": 0.6190476190476191, "Deepak Saldanha": 0.043209876543209874, "Arif Qodari": 0.11728395061728394, "K.Bharat Reddy": 0.06790123456790123, "Rachit23110261": 0.07407407407407407, "AyGeeEm": 0.22839506172839505, "a.zy.lee": 0.21604938271604937, "Kevin Doshi": 0.006172839506172839, "Vince Carey": 0.10493827160493827, "Cailean Carter": 0.2716049382716049, "Piotr": 0.09876543209876543, "Inessa Pawson": 0.48148148148148145, "Paul Juma Otieno": 0.41975308641975306, "Ralph Welsch": 0.19753086419753085, "rwelsch427": 0.30864197530864196, "Tim Head": 0.6904761904761905, "Ilya Komarov": 0.05555555555555555, "Alberto Torres": 0.16049382716049382, "Stepan Srsen": 0.2839506172839506, "\u0160t\u011bp\u00e1n Sr\u0161e\u0148": 0.2962962962962963, "Aisha": 0.26543209876543206, "dinga92": 0.2037037037037037, "bme-git": 0.1728395061728395, "Arturo Amor": 0.8095238095238095, "ParsifalXu": 0.3950617283950617, "nbrown-ScottLogic": 0.30246913580246915, "Emily (Xinyi) Chen": 0.5238095238095238, "Tamara": 0.345679012345679, "ArturoAmorQ": 0.5952380952380952, "Deepyaman Datta": 0.06172839506172839, "Farid \"Freddie\" Taba": 0.12962962962962962, "J\u00e9r\u00f4me Dock\u00e8s": 0.17901234567901234, "Anurag Varma": 0.20987654320987653, "Lucy Liu": 0.35802469135802467, "Drew Craeton": 0.3271604938271605, "Reshama Shaikh": 0.037037037037037035, "Edoardo Abati": 0.4506172839506173, "Marco Edward Gorelli": 0.2345679012345679, "Ziad Amerr": 0.16666666666666666, "Michael R. Crusoe": 0.3641975308641975, "SGard Spreemann": 0.2777777777777778, "Sergio Pascual": 0.4012345679012346, "Brigitta Sip\u0151cz": 0.25308641975308643, "Aviv Keller": 0.030864197530864196, "Joe Cainey": 0.024691358024691357, "Alihan Zihna": 0.4074074074074074, "Norbert Preining": 0.18518518518518517, "Matthew Feickert": 0.37037037037037035, "Davide Chicco": 0.08641975308641975, "baggiponte": 0.1111111111111111, "Priyansh Gupta": 0.08024691358024691, "Christian Veenhuis": 0.32098765432098764}}