{"scores": {"Maren Westermann": 0.4853658536585366, "Guillaume Lemaitre": 0.9903846153846154, "Thomas J. Fan": 0.9807692307692308, "Tom Dupr\u00e9 la Tour": 0.9423076923076923, "SELEE": 0.44390243902439025, "Rocco Meli": 0.28780487804878047, "Jovan Stojanovic": 0.3195121951219512, "STOJANOVIC Jovan": 0.28536585365853656, "kernc": 0.24634146341463414, "Christian Ritter": 0.8365384615384616, "chritter": 0.1073170731707317, "Christian Lorentzen": 0.875, "Olivier Grisel": 0.9615384615384616, "Maxwell Liu": 0.9134615384615384, "Chiara Marmo": 0.8942307692307692, "Lise": 0.5769230769230769, "J\u00e9r\u00e9mie du Boisberranger": 0.9519230769230769, "Adrin Jalali": 0.8653846153846154, "Lisa Casino": 0.35121951219512193, "Hansin Ahuja": 0.2731707317073171, "St\u00e9phane Collot": 0.4292682926829268, "Meekail Zain": 0.9326923076923077, "Julien Jerphanion": 0.9711538461538461, "Clickedbigfoot": 0.625, "huntzhan": 0.6923076923076923, "krishna kumar": 0.16829268292682928, "Lo\u00efc Est\u00e8ve": 0.9038461538461539, "Vera Komeyer": 0.35853658536585364, "Jordan Silke": 0.4902439024390244, "Sven Stehle": 0.1048780487804878, "akiyuki ishikawa": 0.22195121951219512, "i-aki-y": 0.3024390243902439, "Bardiya Ak": 0.2682926829268293, "Darren Nguyen": 0.12439024390243902, "toastedyeast": 0.12682926829268293, "darioka": 0.07804878048780488, "Gael Varoquaux": 0.8846153846153846, "michalkrawczyk": 0.48292682926829267, "Mizuki": 0.004878048780487805, "Mizuki Miyatake": 0.00975609756097561, "Christoph T. Weidemann": 0.15609756097560976, "Shao Yang Hong": 0.4926829268292683, "Joel Nothman": 0.43902439024390244, "zhenfisher": 0.16341463414634147, "Ricardo Ferreira": 0.14390243902439023, "Ingela": 0.14634146341463414, "Lucy Liu": 0.26097560975609757, "Arturo Amor": 0.9230769230769231, "Sam Gross": 0.4878048780487805, "iasoon": 0.3878048780487805, "genvalen": 0.47073170731707314, "Diwakar Gupta": 0.2121951219512195, "SEELE": 0.2707317073170732, "Andreas Mueller": 0.5192307692307693, "Alan Peixinho": 0.05609756097560976, "nat-salt": 0.07073170731707316, "teunpe": 0.4024390243902439, "Gustavo Oliveira": 0.17317073170731706, "JElfner": 0.7307692307692308, "Mai": 0.4195121951219512, "Nikhil Suresh": 0.23658536585365852, "Marie": 0.02195121951219512, "Marie Sacksick": 0.024390243902439025, "Alberto Mario Ceballos-Arroyo": 0.8557692307692308, "Andres David Rios Ramirez": 0.8076923076923077, "Gordon Walsh": 0.8269230769230769, "arthurmello": 0.08292682926829269, "Ben3940": 0.47804878048780486, "PierreAttard": 0.5673076923076923, "2357juan": 0.041463414634146344, "Juan Gomez": 0.03902439024390244, "Sven Eschlbeck": 0.75, "sveneschlbeck": 0.4121951219512195, "Jihane": 0.7211538461538461, "Theis Ferr\u00e9 Hjortkj\u00e6r": 0.05121951219512195, "Theis Hjortkj\u00e6r": 0.026829268292682926, "Daniela Fernandes": 0.44878048780487806, "Varun Agrawal": 0.32195121951219513, "Gabriel Stefanini Vicente": 0.5096153846153846, "zempleni": 0.36585365853658536, "cdrig": 0.32439024390243903, "victoirelouis": 0.07560975609756097, "Anne Ducout": 0.21707317073170732, "Kevin Doucet": 0.11951219512195121, "sharmadharmpal": 0.09024390243902439, "fkaren27": 0.4634146341463415, "Bijil Subhash": 0.08536585365853659, "Shan-Deng": 0.33170731707317075, "ShanDeng123": 0.3463414634146341, "Amar pratap singh": 0.13902439024390245, "Jorge Cipri\u00e1n": 0.40487804878048783, "Dimitri Papadopoulos Orfanos": 0.6634615384615384, "Roman Yurchak": 0.8461538461538461, "Aur\u00e9lien Geron": 0.4975609756097561, "Jack Liu": 0.348780487804878, "David Gutmann": 0.15853658536585366, "Weijia DU": 0.007317073170731707, "WeijiaDu": 0.058536585365853655, "msabatier": 0.18292682926829268, "Magali": 0.04878048780487805, "Magali Morin": 0.01951219512195122, "Sakina": 0.0024390243902439024, "sakinaOuisrani": 0.029268292682926828, "ducanne": 0.1024390243902439, "Fatima GASMI": 0.03414634146341464, "fatima GASMI": 0.04390243902439024, "Brenden Kadota": 0.3121951219512195, "Okon Samuel": 0.4951219512195122, "Fran\u00e7ois Goupil": 0.13414634146341464, "poloso": 0.17560975609756097, "Gabor Berei": 0.3975609756097561, "Arisa": 0.5384615384615384, "iofall": 0.5865384615384616, "Claudio Salvatore Arcidiacono": 0.4097560975609756, "claudio.arcidiacono": 0.4268292682926829, "Saif Ul Islam": 0.33658536585365856, "jeannedionisi": 0.4560975609756098, "Juan Martin Loyola": 0.7980769230769231, "JSchuerz": 0.4146341463414634, "avm19": 0.3951219512195122, "Imbert Arthur": 0.5961538461538461, "Dennis Osei": 0.4658536585365854, "Aditya Singh": 0.0951219512195122, "siavrez": 0.7884615384615384, "Sam Adam Day": 0.36097560975609755, "Siqi He": 0.5576923076923077, "alexanmv": 0.06829268292682927, "Jaya Surya Kommireddy": 0.14878048780487804, "shaymerNaturalint": 0.23902439024390243, "combscCode": 0.12195121951219512, "Guillermo Tom\u00e1s Fern\u00e1ndez Mart\u00edn": 0.2048780487804878, "mpoemsl": 0.0, "Kazim": 0.7692307692307692, "Tony": 0.6826923076923077, "Tony Attalla": 0.6730769230769231, "GAURAV CHOUDHARY": 0.25121951219512195, "Nakamura-Zimmerer, Tenavi (ARC-AF)": 0.275609756097561, "Tenavi": 0.22682926829268293, "Thierry Gameiro": 0.4219512195121951, "titigmr": 0.45121951219512196, "NartayXD": 0.25853658536585367, "Alexandre Gramfort": 0.7596153846153846, "Ugo Marchand": 0.44634146341463415, "mathurinm": 0.32682926829268294, "Sumit Saha": 0.012195121951219513, "Martel Corentin": 0.4317073170731707, "Tom Augspurger": 0.5480769230769231, "Amit": 0.1, "Tyler Reddy": 0.06585365853658537, "Vladimir Kim": 0.0975609756097561, "vl.kim": 0.036585365853658534, "Niket Jain": 0.7019230769230769, "\u8d75\u4e30 (Zhao Feng)": 0.6346153846153846, "hmasdev": 0.25365853658536586, "Hideaki Imamura": 0.1951219512195122, "Nicki Skafte Detlefsen": 0.5288461538461539, "Dev514": 0.2, "Nadirhan \u015eahin": 0.35365853658536583, "Erich Schubert": 0.12926829268292683, "zero": 0.014634146341463414, "Sultan Orazbayev": 0.7788461538461539, "aufarkari": 0.6442307692307692, "bmreiniger": 0.7115384615384616, "Mohit Sharma": 0.3048780487804878, "Jay Stanley": 0.34146341463414637, "Emiko Sano": 0.1902439024390244, "Behrouz B": 0.11463414634146342, "Emmanouil Gionanidis": 0.3, "Moonkyung94": 0.10975609756097561, "ShamanthNyk": 0.3780487804878049, "Sylesh": 0.6153846153846154, "Hind-M": 0.15365853658536585, "mlant": 0.03170731707317073, "Reshama Shaikh": 0.6538461538461539, "David Poznik": 0.06097560975609756, "Purna Chandra Mansingh": 0.3170731707317073, "Norbert Preining": 0.6057692307692307, "Ayan Bag": 0.11219512195121951, "Louis Wagner": 0.21951219512195122, "Wagner, Louis": 0.2097560975609756, "Yar Khine Phyo": 0.33414634146341465, "MarcoM": 0.08780487804878048, "drskd": 0.22926829268292684, "Geoffrey-Paris": 0.06341463414634146, "Atharva Patil": 0.17804878048780487, "hvassard": 0.15121951219512195, "Brandon Truth": 0.2073170731707317, "Takeshi Oura": 0.24146341463414633, "Sylvain MARIE": 0.48048780487804876, "Sylvain Mari\u00e9": 0.46829268292682924, "Aditya Raghuwanshi": 0.18536585365853658, "Nicolas Hug": 0.8173076923076923, "murata-yu": 0.7403846153846154, "Rileran": 0.2634146341463415, "Juan Carlos Alfaro Jim\u00e9nez": 0.3097560975609756, "melemo2": 0.17073170731707318, "adijohar": 0.25609756097560976, "Mandy Gu": 0.37317073170731707, "happilyeverafter95": 0.36341463414634145, "Benjamin Bossan": 0.375609756097561, "BenjaminBossan": 0.37073170731707317, "MrinalTyagi": 0.3902439024390244, "Hannah Bohle": 0.3146341463414634, "glennfrutiz": 0.22439024390243903, "Brian Sun": 0.14146341463414633, "sply88": 0.1878048780487805, "Vikrant khedkar": 0.29024390243902437, "Paul": 0.4073170731707317, "Frans Larsson": 0.1975609756097561, "Alex Leu": 0.05365853658536585, "Mr. Leu": 0.07317073170731707, "mandjevant": 0.20243902439024392, "Ken4git": 0.4, "katotten": 0.09268292682926829, "Tamires Santana": 0.01707317073170732, "Gauthier I": 0.3439024390243902, "MaggieChege": 0.11707317073170731, "ciku": 0.08048780487804878, "Sebastian Pujalte": 0.24390243902439024, "Smile": 0.2975609756097561,