{"scores": {"J\u00e9r\u00e9mie du Boisberranger": 0.962962962962963, "Yuchen Zhou": 0.2757009345794392, "Adrin Jalali": 0.8518518518518519, "Guillaume Lemaitre": 0.9814814814814814, "Jiawei Zhang": 0.3878504672897196, "Linus": 0.14485981308411214, "Brendan Lu": 0.205607476635514, "Abhishek Singh Kushwah": 0.47196261682242985, "Yao Xiao": 0.6296296296296297, "Shreesha Kumar Bhat": 0.308411214953271, "shreesha3112": 0.3364485981308411, "Dmitry Nesterov": 0.0794392523364486, "Elabonga Atuo": 0.16355140186915887, "Christian Veenhuis": 0.47663551401869153, "Pooja Subramaniam": 0.09345794392523364, "Brevin Kunde": 0.18691588785046728, "ashah002": 0.3598130841121495, "AlexL": 0.40654205607476634, "Olivier Grisel": 0.9259259259259259, "avigny": 0.46728971962616817, "Christian Lorentzen": 0.9074074074074074, "Ily": 0.24766355140186913, "Lo\u00efc Est\u00e8ve": 0.7777777777777778, "Lucy Liu": 0.037383177570093455, "Thomas J. Fan": 0.9444444444444444, "Arturo Amor": 0.8333333333333333, "ArturoAmorQ": 0.8703703703703703, "Gael Varoquaux": 0.5740740740740741, "Louis Fouquet": 0.004672897196261682, "Jarrod Millman": 0.04672897196261682, "Tim Head": 0.7407407407407407, "Meekail Zain": 0.8148148148148149, "Stefanie Senger": 0.397196261682243, "Julien Jerphanion": 0.8888888888888888, "Benjamin Bossan": 0.6666666666666666, "Omar Salman": 0.7962962962962963, "Yaroslav Halchenko": 0.06542056074766354, "Maxwell Liu": 0.4626168224299065, "Joshua Choo Yun Keat": 0.29906542056074764, "Valentin Laurent": 0.4532710280373831, "Quentin Barth\u00e9lemy": 0.37850467289719625, "pnucci": 0.06074766355140186, "Barata Tripramudya Onggo": 0.3644859813084112, "Nikolay Petrov": 0.40186915887850466, "amay": 0.0514018691588785, "Ashwin Mathur": 0.6481481481481481, "Geoffrey": 0.44859813084112143, "gbolmier": 0.4392523364485981, "Aleksandr Kokhaniukov": 0.6111111111111112, "John Pangas": 0.49532710280373826, "Th\u00e9ophile Baranger": 0.3925233644859813, "Xiao Yuan": 0.4205607476635514, "hujiahong726": 0.14018691588785046, "Ashish Dutt": 0.009345794392523364, "2357juan": 0.1261682242990654, "Rahil Parikh": 0.4859813084112149, "genvalen": 0.4158878504672897, "Tom Dupr\u00e9 la Tour": 0.6851851851851851, "Seoeun(Sun\u2600\ufe0f) Hong": 0.03271028037383177, "Jessicakk0711": 0.14953271028037382, "zeeshan lone": 0.2102803738317757, "Ansam Zedan": 0.08878504672897196, "Ekaterina Butyugina": 0.1308411214953271, "Andreas Mueller": 0.5925925925925926, "windiana42": 0.21495327102803738, "Boris Feld": 0.07476635514018691, "Lene Preuss": 0.24299065420560745, "Dave Berenbaum": 0.2523364485981308, "Joey Ortiz": 0.07009345794392523, "Maren Westermann": 0.22429906542056072, "Marc Torrellas Socastro": 0.11682242990654204, "Itay": 0.02803738317757009, "Veghit": 0.0, "Sahil Gupta": 0.4252336448598131, "Gleb Levitski": 0.4813084112149532, "Bharat Raghunathan": 0.018691588785046728, "Jovan Stojanovic": 0.5185185185185185, "Shiva chauhan": 0.11214953271028036, "Juan Gomez": 0.02336448598130841, "Sortofamudkip": 0.2803738317757009, "wishyut.pitawanik": 0.2616822429906542, "JanFidor": 0.2289719626168224, "Vincent M": 0.7222222222222222, "Yotam Avidar-Constantini": 0.23364485981308408, "Adam Li": 0.7592592592592593, "Brigitta Sip\u0151cz": 0.20093457943925233, "Kshitij Mathur": 0.5555555555555556, "Max Halford": 0.32710280373831774, "JuliaSchoepp": 0.21962616822429906, "Yusuf Raji": 0.10747663551401869, "sonnivs": 0.102803738317757, "Marvin Krawutschke": 0.1542056074766355, "as-90": 0.19626168224299065, "Vyom Pathak": 0.3130841121495327, "William M": 0.38317757009345793, "Nawazish Alam": 0.2897196261682243, "Kaushik Amar Das": 0.26635514018691586, "SANJAI_3": 0.014018691588785045, "Pooja M": 0.19158878504672897, "Ahmedbgh": 0.27102803738317754, "ouss1508": 0.17757009345794392, "Nicola Fanelli": 0.13551401869158877, "Anthony22-dev": 0.2570093457943925, "adossantosalfam": 0.29439252336448596, "Felipe Breve Siola": 0.43457943925233644, "Felipe Siola": 0.42990654205607476, "Adam Kania": 0.1588785046728972, "Alex": 0.23831775700934577, "Alex Buzenet": 0.3037383177570093, "adoublet": 0.04205607476635514, "Thijs van Weezel": 0.2850467289719626, "i-aki-y": 0.16822429906542055, "Chiara Marmo": 0.4906542056074766, "Mario Kostelac": 0.537037037037037, "Jean-Yves Gerardy": 0.7037037037037037, "jygerardy": 0.49999999999999994, "Dimitris Litsidis": 0.09813084112149532, "johayon": 0.35046728971962615, "tomiock": 0.3317757009345794, "Edern": 0.3177570093457944, "Andr\u00e1s Simon": 0.17289719626168223, "Sashka Warner": 0.1822429906542056, "Kian Eliasi": 0.12149532710280372, "JohnathanPi": 0.3691588785046729, "Ala-Na": 0.4439252336448598, "Raghuveer Bhat": 0.4579439252336448, "Andrew Wang": 0.3411214953271028, "maximeSaur": 0.08411214953271028, "ka00ri": 0.34579439252336447, "npache": 0.35514018691588783, "simonandras": 0.05607476635514018, "Dea Mar\u00eda L\u00e9on": 0.37383177570093457, "Seladus": 0.411214953271028, "seladus": 0.32242990654205606}}