{"scores": {"J\u00e9r\u00e9mie du Boisberranger": 0.9875, "Mikhail Iljin": 0.21474358974358973, "Meekail Zain": 0.95, "Thomas J. Fan": 0.925, "Guillaume Lemaitre": 0.975, "Julien Jerphanion": 0.9375, "Tim Head": 0.825, "Arturo Amor": 0.8625, "Olivier Grisel": 0.9625, "Adam Li": 0.34935897435897434, "Jong Shin": 0.003205128205128205, "Denis": 0.09935897435897435, "Lo\u00efc Est\u00e8ve": 0.9125, "Rahil Parikh": 0.8, "Emir": 0.40384615384615385, "Christian Lorentzen": 0.8875, "Alexandre Gramfort": 0.32371794871794873, "PAB": 0.3269230769230769, "mathurinm": 0.266025641025641, "Omar Salman": 0.55, "Madhura Jayaratne": 0.5, "Shrankhla Srivastava": 0.14423076923076922, "Vincent M": 0.775, "Bernd Fritzke": 0.10576923076923077, "krishna vamsi": 0.09615384615384615, "Juan Felipe Arias": 0.41025641025641024, "Chiara Marmo": 0.9, "Vitor SRG": 0.725, "Adrin Jalali": 0.85, "Eleanore Denies": 0.24679487179487178, "Maxim Smolskiy": 0.3974358974358974, "Apostolos Tsetoglou": 0.022435897435897436, "SarahRemus": 0.009615384615384616, "ge72mum": 0.03205128205128205, "Ti-Ion": 0.23717948717948717, "Tig": 0.2756410256410256, "Rudresh Veerkhare": 0.375, "Safiuddin Khaja": 0.3205128205128205, "Christine P. Chai": 0.675, "Ashwin Mathur": 0.8125, "Guillem Garc\u00eda Subies": 0.30128205128205127, "Tom Dupr\u00e9 la Tour": 0.4583333333333333, "Franck Charras": 0.27884615384615385, "Carlos Ramos Carre\u00f1o": 0.060897435897435896, "Maxwell Liu": 0.875, "Mike Altonji": 0.29166666666666663, "Gleb Levitski": 0.08974358974358974, "Jo\u00e3o David": 0.28205128205128205, "Flynn": 0.4198717948717949, "x110": 0.6125, "Michelle Paradis": 0.3108974358974359, "Mansi Agrawal": 0.035256410256410256, "Mia Baji\u0107": 0.2596153846153846, "Irene": 0.08012820512820512, "Robert Juergens": 0.1282051282051282, "Juan Martin Loyola": 0.2980769230769231, "mauroantonioserrano": 0.2692307692307692, "Takeshi Oura": 0.4519230769230769, "Rushil Desai": 0.40705128205128205, "Hao Chun Chang": 0.47435897435897434, "Claudio Salvatore Arcidiacono": 0.3814102564102564, "Maren Westermann": 0.4551282051282051, "Shoaib Khan": 0.1378205128205128, "seljaks": 0.11217948717948717, "diederikwp": 0.30448717948717946, "Harsh Agrawal": 0.41666666666666663, "Bartosz Telenczuk": 0.7, "Ilia Ivanov": 0.8375, "Leonard Binet": 0.7125, "L\u00e9onard Binet": 0.65, "Darren Nguyen": 0.4455128205128205, "recovery1": 0.42948717948717946, "Samuel O. Ronsin": 0.4807692307692307, "Nestor Navarro": 0.6, "Nicolas": 0.525, "b0rxington": 0.1987179487179487, "Arisa": 0.11858974358974358, "iofall": 0.16025641025641024, "francesco-tuveri": 0.21794871794871795, "Biswaroop Mitra": 0.20512820512820512, "Adrian Trujillo Duron": 0.3173076923076923, "Edoardo Abati": 0.4006410256410256, "Steve Schmerler": 0.041666666666666664, "Z Adil Khwaja": 0.16987179487179488, "shellyfung": 0.3141025641025641, "3lLobo": 0.48717948717948717, "Maria Telenczuk": 0.12179487179487179, "Michael Flaks": 0.0673076923076923, "mrastgoo": 0.14102564102564102, "nitinramvelraj": 0.18269230769230768, "Salahuddin": 0.483974358974359, "Mehgarg": 0.43269230769230765, "Stefanie Molin": 0.7375, "Naoise Holohan": 0.3717948717948718, "stellalin7": 0.1794871794871795, "Olle Lukowski": 0.24038461538461536, "Kendall": 0.28846153846153844, "Amit Bera": 0.20192307692307693, "mehmetcanakbay": 0.391025641025641, "Tobias Pitters": 0.15705128205128205, "Ravi Makhija": 0.05769230769230769, "Henry Sorsky": 0.4423076923076923, "Maxi Marufo": 0.22115384615384615, "Maximiliano Marufo": 0.24358974358974358, "Eric Fiegel": 0.7625, "Lucy Liu": 0.7875, "Sean Atukorala": 0.1346153846153846, "Kirandevraj": 0.16666666666666666, "Rachit Keerti Das": 0.09294871794871795, "Timofei Kornev": 0.07051282051282051, "Alexandre Perez-Lebel": 0.21153846153846154, "Kian Eliasi": 0.4647435897435897, "2357juan": 0.46794871794871795, "Juan Gomez": 0.6875, "wattai": 0.1858974358974359, "Sabri Monaf Sabri": 0.23076923076923075, "Aiko": 0.23397435897435898, "Richard Klima": 0.28525641025641024, "lingyi1110": 0.20833333333333331, "Nathan Jacobi": 0.1955128205128205, "Brett Cannon": 0.3365384615384615, "osman tamer": 0.2724358974358974, "Shao Yang Hong": 0.5125, "arka204": 0.625, "Stella Lin": 0.019230769230769232, "Rowan Mankoo": 0.14743589743589744, "Jiten Sidhpura": 0.4487179487179487, "Nymark Kho": 0.4615384615384615, "SangamSwadik": 0.47756410256410253, "Dhanshree Arora": 0.3333333333333333, "Tom Mathews": 0.49679487179487175, "Nihal Thukarama Rao": 0.2532051282051282, "Nass": 0.17307692307692307, "Rob Crockett": 0.1923076923076923, "the-syd-sre": 0.10256410256410256, "Olivor Holman": 0.00641025641025641, "o-holman": 0.028846153846153844, "Philipp Jung": 0.3846153846153846, "avm19": 0.22435897435897434, "Pratik Chowdhury": 0.75, "jakirkham": 0.5375, "Sangam Swadi K": 0.25, "Roth E Conrad": 0.575, "Reshama Shaikh": 0.5875, "berkecanrizai": 0.2948717948717949, "Sandro Ephrem": 0.3301282051282051, "yanhong-zhao-ef": 0.33974358974358976, "BdeGraaff": 0.3076923076923077, "Diadochokinetic": 0.41346153846153844, "anupam": 0.36538461538461536, "Vicente Reyes-Puerta": 0.49038461538461536, "Simon": 0.36217948717948717, "drew-hogg-datascience": 0.3942307692307692, "drewhogg": 0.4391025641025641, "Nwanna-Joseph": 0.4230769230769231, "DanielGaerber": 0.26282051282051283, "Oyindamola Olatunji": 0.125, "Kanishk Sachdev": 0.08653846153846154, "EliaSchiavon": 0.2564102564102564, "sec65": 0.1891025641025641, "Moritz Wilksch": 0.3557692307692308, "Brandon TH Chen": 0.15064102564102563, "Omar Hassoun": 0.07692307692307693, "Victor Ko": 0.49358974358974356, "trinhcon": 0.47115384615384615, "Paulo Sergio  Soares": 0.36858974358974356, "Sven Stehle": 0.35256410256410253, "aman kumar": 0.05128205128205128, "Gauthier I": 0.15384615384615385, "Kanissh": 0.16346153846153846, "priyam kakati": 0.0641025641025641, "Pierre Ablin": 0.42628205128205127, "ArturoAmorQ": 0.6625, "Gael Varoquaux": 0.5625, "Juan Carlos Alfaro Jim\u00e9nez": 0.3782051282051282, "Joan Massich": 0.6375, "Mathias Andersen": 0.34294871794871795, "Madina Kasymova": 0.13141025641025642, "madinak": 0.11538461538461538, "Angela": 0.01282051282051282, "angela-maennel": 0.0, "Kevin Roice": 0.34615384615384615, "harshit5674": 0.07371794871794872, "Roman Ivanets": 0.016025641025641024, "Roman4oo": 0.04487179487179487, "MDouriez": 0.038461538461538464, "Muriel": 0.4358974358974359, "johnthagen": 0.358974358974359, "David Gilbertson": 0.05448717948717949, "Peter Jansson": 0.04807692307692307, "Robert Hommes": 0.08333333333333333, "Alex": 0.17628205128205127, "Ivan Sedykh": 0.02564102564102564, "Naipawat Poolsawat": 0.10897435897435898, "Srinath Kailasa": 0.22756410256410256, "Rocco Meli": 0.38782051282051283}}