{"scores": {"Guillaume Lemaitre": 0.8888888888888888, "J\u00e9r\u00e9mie du Boisberranger": 0.9722222222222222, "Shivam": 0.2714285714285714, "Stefanie Senger": 0.8611111111111112, "Lucy Liu": 0.8333333333333333, "Omar Salman": 0.8055555555555556, "Olivier Grisel": 0.9444444444444444, "$id": 0.02142857142857143, "Cloponaclock1": 0.03571428571428571, "Christian Lorentzen": 0.7777777777777778, "Lo\u00efc Est\u00e8ve": 0.6944444444444444, "Radovenchyk": 0.0, "Dea Mar\u00eda L\u00e9on": 0.46428571428571425, "Adrin Jalali": 0.9166666666666667, "Tim Head": 0.6388888888888888, "Copilot": 0.41428571428571426, "Thomas J. Fan": 0.75, "Arturo Amor": 0.7222222222222222, "ArturoAmorQ": 0.5833333333333334, "Luis M. B. Varona": 0.29285714285714287, "Vasco Pereira": 0.2357142857142857, "Miguel Gonz\u00e1lez Duque": 0.21428571428571427, "antoinebaker": 0.6666666666666666, "ash": 0.25, "Daniel Agyapong": 0.19999999999999998, "Aniruddha Saha": 0.15, "Mihir Waknis": 0.36428571428571427, "Mohamed Yaich": 0.37857142857142856, "Yaich Mohamed": 0.3857142857142857, "Rahil Parikh": 0.5, "Dmitry Kobak": 0.40714285714285714, "Dimitri Papadopoulos Orfanos": 0.4714285714285714, "Thomas Li": 0.4928571428571428, "Tialo": 0.4857142857142857, "Marie Sacksick": 0.2642857142857143, "Luc Rocher": 0.35, "Siddharth Bansal": 0.17142857142857143, "Pedro Lopes": 0.3357142857142857, "Marc Bresson": 0.39999999999999997, "Connor Lane": 0.42857142857142855, "Vassilis Margonis": 0.19285714285714284, "Arjun S": 0.05714285714285714, "Maren Westermann": 0.5555555555555556, "Mohit Singh Thakur": 0.24285714285714285, "vpz": 0.2785714285714286, "Bagus Tris Atmaja": 0.45, "emelia-hdz": 0.15714285714285714, "JoaoRodriguesIST": 0.2857142857142857, "Simarjot Sidhu": 0.17857142857142858, "Sortofamudkip": 0.3071428571428571, "Irene": 0.20714285714285713, "sply88": 0.42142857142857143, "Rishab Saini": 0.3214285714285714, "Emily (Xinyi) Chen": 0.4357142857142857, "Gleb Levitski": 0.09999999999999999, "Agriya Khetarpal": 0.45714285714285713, "Guido Imperiale": 0.11428571428571428, "Lucas Colley": 0.02857142857142857, "Adam Li": 0.1357142857142857, "Antoine Baker": 0.37142857142857144, "Varun Aggarwal": 0.39285714285714285, "Gael Varoquaux": 0.08571428571428572, "Yaroslav Halchenko": 0.12857142857142856, "Yao Xiao": 0.049999999999999996, "Elham Babaei": 0.3, "Dan Schult": 0.12142857142857143, "Virgil Chan": 0.5277777777777778, "Sylvain Combettes": 0.10714285714285714, "Pieter Gijsbers": 0.07142857142857142, "Corey Farwell": 0.22142857142857142, "Mamduh Zabidi": 0.2571428571428571, "Emma Carballal": 0.06428571428571428, "Sota Goto": 0.14285714285714285, "Preyas Shah": 0.18571428571428572, "Yuvi Panda": 0.04285714285714286, "claudio": 0.32857142857142857, "Success Moses": 0.6111111111111112, "SanchitD": 0.09285714285714286, "Shruti Nath": 0.47857142857142854, "IlyaSolomatin": 0.44285714285714284, "Colas": 0.16428571428571428, "Deepak Saldanha": 0.35714285714285715, "Xiao Yuan": 0.34285714285714286, "ThorbenMaa": 0.22857142857142856, "Tahar Allouche": 0.07857142857142857, "R\u00e9mi Flamary": 0.3142857142857143, "Boney Patel": 0.014285714285714285, "bpatel347": 0.007142857142857143}}