{"scores": {"Andrei Dzis": 0.3020833333333333, "Guillaume Lemaitre": 0.9791666666666667, "Arturo Amor": 0.7083333333333334, "ArturoAmorQ": 0.6875, "Lo\u00efc Est\u00e8ve": 0.875, "Neto": 0.3489583333333333, "Weyb": 0.19791666666666666, "Salim Dohri": 0.2864583333333333, "Christian Lorentzen": 0.6666666666666666, "J\u00e9r\u00e9mie du Boisberranger": 0.9375, "Julien Jerphanion": 0.9166666666666667, "Higgs32584": 0.296875, "Michael Higgins": 0.25, "J\u00e9r\u00f4me Dock\u00e8s": 0.453125, "Alexis IMBERT": 0.27604166666666663, "Claudio Salvatore Arcidiacono": 0.17708333333333331, "Harmanan Kohli": 0.26041666666666663, "John Cant": 0.4427083333333333, "Xiao Yuan": 0.8333333333333333, "thebabush": 0.328125, "Olivier Grisel": 0.9583333333333333, "Thomas J. Fan": 0.8541666666666667, "Yao Xiao": 0.4114583333333333, "Stanislas Furrer": 0.03125, "Raj Pulapakura": 0.21875, "Adarsh Wase": 0.19270833333333331, "DUONG": 0.23958333333333331, "Filip Karlo Do\u0161ilovi\u0107": 0.234375, "Advik Sinha": 0.13541666666666666, "Sandip Dutta": 0.359375, "Cindy Liang": 0.18229166666666666, "ldwy4": 0.16666666666666666, "Pierre de Fr\u00e9minville": 0.041666666666666664, "Adrin Jalali": 0.7291666666666666, "Mohammed Hamdy": 0.390625, "Connor Boyle": 0.29166666666666663, "Joel Nothman": 0.34375, "Franck Charras": 0.140625, "Mark Elliot": 0.005208333333333333, "Gael Varoquaux": 0.6458333333333334, "Alexandre Gramfort": 0.40104166666666663, "Quentin Barth\u00e9lemy": 0.47916666666666663, "Omar Salman": 0.7708333333333333, "Tim Head": 0.8958333333333333, "Lorenz": 0.1875, "Samuel O. Ronsin": 0.5625, "Konstantinos Pitas": 0.33854166666666663, "Kushan Sharma": 0.3645833333333333, "Alex": 0.41666666666666663, "scaja": 0.09375, "Haoying Zhang": 0.36979166666666663, "Nolan": 0.171875, "Xuefeng Xu": 0.625, "Bharat Raghunathan": 0.44791666666666663, "Daniele Ongari": 0.40625, "Dimitri Papadopoulos Orfanos": 0.43229166666666663, "Rahil Parikh": 0.49479166666666663, "John Hopfensperger": 0.026041666666666664, "s-banach": 0.010416666666666666, "Sebastian Berg": 0.24479166666666666, "Tom Dupr\u00e9 la Tour": 0.4270833333333333, "Mohit Joshi": 0.30729166666666663, "Gleb Levitski": 0.38541666666666663, "Stefanie Senger": 0.75, "Abhishek Singh Kushwah": 0.2552083333333333, "Adam Li": 0.4375, "Andrey Portnoy": 0.4739583333333333, "Isaac Virshup": 0.46354166666666663, "Miki Watanabe": 0.16145833333333331, "Tialo": 0.35416666666666663, "Shubhal Gupta": 0.10416666666666666, "Ines": 0.5208333333333334, "Lilian": 0.5833333333333334, "Riccardo Cappuzzo": 0.5416666666666666, "ines.ibnukhsein": 0.46875, "Edoardo Abati": 0.20833333333333331, "Aniket Patil": 0.06770833333333333, "Meekail Zain": 0.6041666666666666, "Erwan Le Floch": 0.22395833333333331, "Iwona Zdzieblo": 0.2708333333333333, "Naoise Holohan": 0.203125, "Benoit Chevallier-Mames": 0.109375, "Raphael": 0.7916666666666667, "Sayed Qaiser Ali": 0.5, "Vladimir Fokow": 0.8125, "MN193": 0.07291666666666666, "101AlexMartin": 0.3333333333333333, "Alejandro Martin": 0.3177083333333333, "Christian Clauss": 0.11458333333333333, "Ben Holmes": 0.3802083333333333, "Lohit SundaramahaLingam": 0.3125, "Alexander Al-Feghali": 0.13020833333333331, "Brendan Lu": 0.11979166666666666, "Elisabeth G\u00fcnther": 0.14583333333333331, "Tamara": 0.22916666666666666, "Lucy Liu": 0.265625, "Mateusz Sok\u00f3\u0142": 0.4895833333333333, "Naman Dhingra": 0.057291666666666664, "David Brochart": 0.03645833333333333, "mrastgoo": 0.28125, "AnnaWey": 0.015625, "avm19": 0.0, "Artem Kislovskiy": 0.375, "Tanjina Afroj": 0.09895833333333333, "cynthias13w": 0.32291666666666663, "Ricardo Peres": 0.125, "Shreesha Kumar Bhat": 0.3958333333333333, "shreesha3112": 0.21354166666666666, "Ben Mares": 0.15625, "Jon Nordby": 0.020833333333333332, "Fabian Egli": 0.05208333333333333, "Marek Hanu\u0161": 0.046875, "Luis Silvestrin": 0.0625, "Thomas Roehr": 0.08854166666666666, "Florian Idelberger": 0.078125, "Jiawei Zhang": 0.421875, "Christian Veenhuis": 0.08333333333333333, "Pat O'Reilly": 0.4583333333333333, "dsleo": 0.484375, "Yuchen Zhou": 0.15104166666666666}}