{"scores": {"Andrei Dzis": 0.23958333333333331, "Guillaume Lemaitre": 0.9791666666666667, "Arturo Amor": 0.5833333333333334, "ArturoAmorQ": 0.49479166666666663, "Lo\u00efc Est\u00e8ve": 0.9166666666666667, "Neto": 0.3125, "Weyb": 0.296875, "Salim Dohri": 0.22395833333333331, "Christian Lorentzen": 0.7291666666666666, "J\u00e9r\u00e9mie du Boisberranger": 0.8958333333333333, "Julien Jerphanion": 0.8125, "Higgs32584": 0.28125, "Michael Higgins": 0.3177083333333333, "J\u00e9r\u00f4me Dock\u00e8s": 0.46875, "Alexis IMBERT": 0.13020833333333331, "Claudio Salvatore Arcidiacono": 0.21875, "Harmanan Kohli": 0.171875, "John Cant": 0.4114583333333333, "Xiao Yuan": 0.7708333333333333, "thebabush": 0.328125, "Olivier Grisel": 0.9375, "Thomas J. Fan": 0.9583333333333333, "Yao Xiao": 0.4583333333333333, "Stanislas Furrer": 0.010416666666666666, "Raj Pulapakura": 0.3020833333333333, "Adarsh Wase": 0.19791666666666666, "DUONG": 0.2708333333333333, "Filip Karlo Do\u0161ilovi\u0107": 0.11979166666666666, "Advik Sinha": 0.2552083333333333, "Sandip Dutta": 0.26041666666666663, "Cindy Liang": 0.2864583333333333, "ldwy4": 0.25, "Pierre de Fr\u00e9minville": 0.06770833333333333, "Adrin Jalali": 0.8333333333333333, "Mohammed Hamdy": 0.421875, "Connor Boyle": 0.30729166666666663, "Joel Nothman": 0.22916666666666666, "Franck Charras": 0.17708333333333331, "Mark Elliot": 0.005208333333333333, "Gael Varoquaux": 0.6458333333333334, "Alexandre Gramfort": 0.41666666666666663, "Quentin Barth\u00e9lemy": 0.4427083333333333, "Omar Salman": 0.6875, "Tim Head": 0.875, "Lorenz": 0.19270833333333331, "Samuel O. Ronsin": 0.5625, "Konstantinos Pitas": 0.3802083333333333, "Kushan Sharma": 0.36979166666666663, "Alex": 0.375, "scaja": 0.026041666666666664, "Haoying Zhang": 0.3489583333333333, "Nolan": 0.140625, "Xuefeng Xu": 0.7916666666666667, "Bharat Raghunathan": 0.5208333333333334, "Daniele Ongari": 0.359375, "Dimitri Papadopoulos Orfanos": 0.265625, "Rahil Parikh": 0.43229166666666663, "John Hopfensperger": 0.015625, "s-banach": 0.0, "Sebastian Berg": 0.390625, "Tom Dupr\u00e9 la Tour": 0.46354166666666663, "Mohit Joshi": 0.4270833333333333, "Gleb Levitski": 0.34375, "Stefanie Senger": 0.8541666666666667, "Abhishek Singh Kushwah": 0.09375, "Adam Li": 0.47916666666666663, "Andrey Portnoy": 0.40625, "Isaac Virshup": 0.4895833333333333, "Miki Watanabe": 0.15104166666666666, "Tialo": 0.4739583333333333, "Shubhal Gupta": 0.14583333333333331, "Ines": 0.6041666666666666, "Lilian": 0.625, "Riccardo Cappuzzo": 0.5, "ines.ibnukhsein": 0.5416666666666666, "Edoardo Abati": 0.078125, "Aniket Patil": 0.18229166666666666, "Meekail Zain": 0.484375, "Erwan Le Floch": 0.21354166666666666, "Iwona Zdzieblo": 0.32291666666666663, "Naoise Holohan": 0.046875, "Benoit Chevallier-Mames": 0.03125, "Raphael": 0.7083333333333334, "Sayed Qaiser Ali": 0.6666666666666666, "Vladimir Fokow": 0.75, "MN193": 0.08333333333333333, "101AlexMartin": 0.38541666666666663, "Alejandro Martin": 0.35416666666666663, "Christian Clauss": 0.203125, "Ben Holmes": 0.3333333333333333, "Lohit SundaramahaLingam": 0.3645833333333333, "Alexander Al-Feghali": 0.24479166666666666, "Brendan Lu": 0.27604166666666663, "Elisabeth G\u00fcnther": 0.1875, "Tamara": 0.234375, "Lucy Liu": 0.11458333333333333, "Mateusz Sok\u00f3\u0142": 0.4375, "Naman Dhingra": 0.09895833333333333, "David Brochart": 0.125, "mrastgoo": 0.29166666666666663, "AnnaWey": 0.057291666666666664, "avm19": 0.03645833333333333, "Artem Kislovskiy": 0.3958333333333333, "Tanjina Afroj": 0.13541666666666666, "cynthias13w": 0.16666666666666666, "Ricardo Peres": 0.20833333333333331, "Shreesha Kumar Bhat": 0.33854166666666663, "shreesha3112": 0.0625, "Ben Mares": 0.15625, "Jon Nordby": 0.020833333333333332, "Fabian Egli": 0.10416666666666666, "Marek Hanu\u0161": 0.109375, "Luis Silvestrin": 0.08854166666666666, "Thomas Roehr": 0.16145833333333331, "Florian Idelberger": 0.05208333333333333, "Jiawei Zhang": 0.40104166666666663, "Christian Veenhuis": 0.07291666666666666, "Pat O'Reilly": 0.453125, "dsleo": 0.44791666666666663, "Yuchen Zhou": 0.041666666666666664}}