{"scores": {"Maren Westermann": 0.46829268292682924, "Guillaume Lemaitre": 0.9903846153846154, "Thomas J. Fan": 0.9807692307692308, "Tom Dupr\u00e9 la Tour": 0.9038461538461539, "SELEE": 0.375609756097561, "Rocco Meli": 0.23414634146341462, "Jovan Stojanovic": 0.28536585365853656, "STOJANOVIC Jovan": 0.3024390243902439, "kernc": 0.23902439024390243, "Christian Ritter": 0.7788461538461539, "chritter": 0.12439024390243902, "Christian Lorentzen": 0.8846153846153846, "Olivier Grisel": 0.9711538461538461, "Maxwell Liu": 0.8461538461538461, "Chiara Marmo": 0.8557692307692308, "Lise": 0.48292682926829267, "J\u00e9r\u00e9mie du Boisberranger": 0.9423076923076923, "Adrin Jalali": 0.9326923076923077, "Lisa Casino": 0.37317073170731707, "Hansin Ahuja": 0.44390243902439025, "St\u00e9phane Collot": 0.424390243902439, "Meekail Zain": 0.9230769230769231, "Julien Jerphanion": 0.9615384615384616, "Clickedbigfoot": 0.5, "huntzhan": 0.6346153846153846, "krishna kumar": 0.18292682926829268, "Lo\u00efc Est\u00e8ve": 0.9519230769230769, "Vera Komeyer": 0.44878048780487806, "Jordan Silke": 0.5673076923076923, "Sven Stehle": 0.0975609756097561, "akiyuki ishikawa": 0.24634146341463414, "i-aki-y": 0.32682926829268294, "Bardiya Ak": 0.2097560975609756, "Darren Nguyen": 0.11219512195121951, "toastedyeast": 0.29024390243902437, "darioka": 0.08048780487804878, "Gael Varoquaux": 0.8653846153846154, "michalkrawczyk": 0.5769230769230769, "Mizuki": 0.046341463414634146, "Mizuki Miyatake": 0.007317073170731707, "Christoph T. Weidemann": 0.16097560975609757, "Shao Yang Hong": 0.47073170731707314, "Joel Nothman": 0.5865384615384616, "zhenfisher": 0.22195121951219512, "Ricardo Ferreira": 0.11951219512195121, "Ingela": 0.13658536585365855, "Lucy Liu": 0.13170731707317074, "Arturo Amor": 0.8942307692307692, "Sam Gross": 0.4121951219512195, "iasoon": 0.3804878048780488, "genvalen": 0.6057692307692307, "Diwakar Gupta": 0.24146341463414633, "SEELE": 0.24390243902439024, "Andreas Mueller": 0.6923076923076923, "Alan Peixinho": 0.2804878048780488, "nat-salt": 0.18048780487804877, "teunpe": 0.4024390243902439, "Gustavo Oliveira": 0.17073170731707318, "JElfner": 0.8076923076923077, "Mai": 0.3951219512195122, "Nikhil Suresh": 0.1048780487804878, "Marie": 0.03414634146341464, "Marie Sacksick": 0.05121951219512195, "Alberto Mario Ceballos-Arroyo": 0.75, "Andres David Rios Ramirez": 0.8173076923076923, "Gordon Walsh": 0.875, "arthurmello": 0.21707317073170732, "Ben3940": 0.47560975609756095, "PierreAttard": 0.4073170731707317, "2357juan": 0.026829268292682926, "Juan Gomez": 0.024390243902439025, "Sven Eschlbeck": 0.7692307692307692, "sveneschlbeck": 0.40487804878048783, "Jihane": 0.6634615384615384, "Theis Ferr\u00e9 Hjortkj\u00e6r": 0.01951219512195122, "Theis Hjortkj\u00e6r": 0.014634146341463414, "Daniela Fernandes": 0.625, "Varun Agrawal": 0.3073170731707317, "Gabriel Stefanini Vicente": 0.4609756097560976, "zempleni": 0.3121951219512195, "cdrig": 0.32195121951219513, "victoirelouis": 0.09268292682926829, "Anne Ducout": 0.1902439024390244, "Kevin Doucet": 0.12926829268292683, "sharmadharmpal": 0.07073170731707316, "fkaren27": 0.3853658536585366, "Bijil Subhash": 0.07560975609756097, "Shan-Deng": 0.32926829268292684, "ShanDeng123": 0.2975609756097561, "Amar pratap singh": 0.06585365853658537, "Jorge Cipri\u00e1n": 0.4585365853658537, "Dimitri Papadopoulos Orfanos": 0.6538461538461539, "Roman Yurchak": 0.9134615384615384, "Aur\u00e9lien Geron": 0.5961538461538461, "Jack Liu": 0.34146341463414637, "David Gutmann": 0.09024390243902439, "Weijia DU": 0.05609756097560976, "WeijiaDu": 0.03170731707317073, "msabatier": 0.07804878048780488, "Magali": 0.0, "Magali Morin": 0.00975609756097561, "Sakina": 0.01707317073170732, "sakinaOuisrani": 0.041463414634146344, "ducanne": 0.1073170731707317, "Fatima GASMI": 0.012195121951219513, "fatima GASMI": 0.05365853658536585, "Brenden Kadota": 0.45365853658536587, "Okon Samuel": 0.5576923076923077, "Fran\u00e7ois Goupil": 0.22926829268292684, "poloso": 0.15853658536585366, "Gabor Berei": 0.2731707317073171, "Arisa": 0.47804878048780486, "iofall": 0.3902439024390244, "Claudio Salvatore Arcidiacono": 0.5384615384615384, "claudio.arcidiacono": 0.4658536585365854, "Saif Ul Islam": 0.3439024390243902, "jeannedionisi": 0.43414634146341463, "Juan Martin Loyola": 0.8365384615384616, "JSchuerz": 0.4097560975609756, "avm19": 0.3878048780487805, "Imbert Arthur": 0.4975609756097561, "Dennis Osei": 0.6153846153846154, "Aditya Singh": 0.25853658536585367, "siavrez": 0.7884615384615384, "Sam Adam Day": 0.45121951219512196, "Siqi He": 0.4560975609756098, "alexanmv": 0.17560975609756097, "Jaya Surya Kommireddy": 0.15609756097560976, "shaymerNaturalint": 0.1878048780487805, "combscCode": 0.22439024390243903, "Guillermo Tom\u00e1s Fern\u00e1ndez Mart\u00edn": 0.18536585365853658, "mpoemsl": 0.004878048780487805, "Kazim": 0.6826923076923077, "Tony": 0.7403846153846154, "Tony Attalla": 0.7019230769230769, "GAURAV CHOUDHARY": 0.16341463414634147, "Nakamura-Zimmerer, Tenavi (ARC-AF)": 0.2146341463414634, "Tenavi": 0.2048780487804878, "Thierry Gameiro": 0.37073170731707317, "titigmr": 0.33414634146341465, "NartayXD": 0.2658536585365854, "Alexandre Gramfort": 0.7980769230769231, "Ugo Marchand": 0.44634146341463415, "mathurinm": 0.275609756097561, "Sumit Saha": 0.02195121951219512, "Martel Corentin": 0.3463414634146341, "Tom Augspurger": 0.43902439024390244, "Amit": 0.16585365853658537, "Tyler Reddy": 0.1, "Vladimir Kim": 0.06829268292682927, "vl.kim": 0.04390243902439024, "Niket Jain": 0.4317073170731707, "\u8d75\u4e30 (Zhao Feng)": 0.4902439024390244, "hmasdev": 0.23170731707317074, "Hideaki Imamura": 0.1926829268292683, "Nicki Skafte Detlefsen": 0.4951219512195122, "Dev514": 0.2, "Nadirhan \u015eahin": 0.4634146341463415, "Erich Schubert": 0.0951219512195122, "zero": 0.058536585365853655, "Sultan Orazbayev": 0.6730769230769231, "aufarkari": 0.7596153846153846, "bmreiniger": 0.5096153846153846, "Mohit Sharma": 0.25609756097560976, "Jay Stanley": 0.36829268292682926, "Emiko Sano": 0.24878048780487805, "Behrouz B": 0.1024390243902439, "Emmanouil Gionanidis": 0.33902439024390246, "Moonkyung94": 0.2780487804878049, "ShamanthNyk": 0.3, "Sylesh": 0.48048780487804876, "Hind-M": 0.14878048780487804, "mlant": 0.0024390243902439024, "Reshama Shaikh": 0.8269230769230769, "David Poznik": 0.13902439024390245, "Purna Chandra Mansingh": 0.36341463414634145, "Norbert Preining": 0.7115384615384616, "Ayan Bag": 0.06341463414634146, "Louis Wagner": 0.26097560975609757, "Wagner, Louis": 0.348780487804878, "Yar Khine Phyo": 0.3048780487804878, "MarcoM": 0.13414634146341464, "drskd": 0.12195121951219512, "Geoffrey-Paris": 0.1951219512195122, "Atharva Patil": 0.3195121951219512, "hvassard": 0.15121951219512195, "Brandon Truth": 0.22682926829268293, "Takeshi Oura": 0.17317073170731706, "Sylvain MARIE": 0.47317073170731705, "Sylvain Mari\u00e9": 0.6442307692307692, "Aditya Raghuwanshi": 0.23658536585365852, "Nicolas Hug": 0.7307692307692308, "murata-yu": 0.7211538461538461, "Rileran": 0.17804878048780487, "Juan Carlos Alfaro Jim\u00e9nez": 0.35853658536585364, "melemo2": 0.14390243902439023, "adijohar": 0.2121951219512195, "Mandy Gu": 0.4146341463414634, "happilyeverafter95": 0.4219512195121951, "Benjamin Bossan": 0.35365853658536583, "BenjaminBossan": 0.3975609756097561, "MrinalTyagi": 0.32439024390243903, "Hannah Bohle": 0.35609756097560974, "glennfrutiz": 0.1975609756097561, "Brian Sun": 0.2634146341463415, "sply88": 0.2682926829268293, "Vikrant khedkar": 0.4, "Paul": 0.43658536585365854, "Frans Larsson": 0.08780487804878048, "Alex Leu": 0.10975609756097561, "Mr. Leu": 0.04878048780487805, "mandjevant": 0.20243902439024392, "Ken4git": 0.4292682926829268, "katotten": 0.14146341463414633, "Tamires Santana": 0.036585365853658534, "Gauthier I": 0.36585365853658536, "MaggieChege": 0.03902439024390244, "ciku": 0.029268292682926828, "Sebastian Pujalte": 0.12682926829268293, "Smile": 0.11463414634146342,