{"scores": {"Maren Westermann": 0.5673076923076923, "Guillaume Lemaitre": 0.9903846153846154, "Thomas J. Fan": 0.9807692307692308, "Tom Dupr\u00e9 la Tour": 0.8942307692307692, "SELEE": 0.4195121951219512, "Rocco Meli": 0.22926829268292684, "Jovan Stojanovic": 0.2926829268292683, "STOJANOVIC Jovan": 0.28780487804878047, "kernc": 0.24878048780487805, "Christian Ritter": 0.7884615384615384, "chritter": 0.11219512195121951, "Christian Lorentzen": 0.9230769230769231, "Olivier Grisel": 0.9615384615384616, "Maxwell Liu": 0.875, "Chiara Marmo": 0.9423076923076923, "Lise": 0.5288461538461539, "J\u00e9r\u00e9mie du Boisberranger": 0.9711538461538461, "Adrin Jalali": 0.9134615384615384, "Lisa Casino": 0.36585365853658536, "Hansin Ahuja": 0.4219512195121951, "St\u00e9phane Collot": 0.4073170731707317, "Meekail Zain": 0.9038461538461539, "Julien Jerphanion": 0.9519230769230769, "Clickedbigfoot": 0.6538461538461539, "huntzhan": 0.5865384615384616, "krishna kumar": 0.1024390243902439, "Lo\u00efc Est\u00e8ve": 0.9326923076923077, "Vera Komeyer": 0.2951219512195122, "Jordan Silke": 0.5192307692307693, "Sven Stehle": 0.13170731707317074, "akiyuki ishikawa": 0.3, "i-aki-y": 0.25853658536585367, "Bardiya Ak": 0.25365853658536586, "Darren Nguyen": 0.1073170731707317, "toastedyeast": 0.1878048780487805, "darioka": 0.14634146341463414, "Gael Varoquaux": 0.8076923076923077, "michalkrawczyk": 0.5480769230769231, "Mizuki": 0.024390243902439025, "Mizuki Miyatake": 0.05121951219512195, "Christoph T. Weidemann": 0.15853658536585366, "Shao Yang Hong": 0.4634146341463415, "Joel Nothman": 0.43414634146341463, "zhenfisher": 0.18536585365853658, "Ricardo Ferreira": 0.16097560975609757, "Ingela": 0.12439024390243902, "Lucy Liu": 0.14878048780487804, "Arturo Amor": 0.8846153846153846, "Sam Gross": 0.5576923076923077, "iasoon": 0.3780487804878049, "genvalen": 0.4878048780487805, "Diwakar Gupta": 0.3024390243902439, "SEELE": 0.24390243902439024, "Andreas Mueller": 0.5, "Alan Peixinho": 0.16829268292682928, "nat-salt": 0.23658536585365852, "teunpe": 0.47073170731707314, "Gustavo Oliveira": 0.2780487804878049, "JElfner": 0.7403846153846154, "Mai": 0.28292682926829266, "Nikhil Suresh": 0.25121951219512195, "Marie": 0.05365853658536585, "Marie Sacksick": 0.0024390243902439024, "Alberto Mario Ceballos-Arroyo": 0.8269230769230769, "Andres David Rios Ramirez": 0.7980769230769231, "Gordon Walsh": 0.8461538461538461, "arthurmello": 0.18048780487804877, "Ben3940": 0.36829268292682926, "PierreAttard": 0.48048780487804876, "2357juan": 0.01951219512195122, "Juan Gomez": 0.036585365853658534, "Sven Eschlbeck": 0.6923076923076923, "sveneschlbeck": 0.375609756097561, "Jihane": 0.7788461538461539, "Theis Ferr\u00e9 Hjortkj\u00e6r": 0.029268292682926828, "Theis Hjortkj\u00e6r": 0.00975609756097561, "Daniela Fernandes": 0.6057692307692307, "Varun Agrawal": 0.3146341463414634, "Gabriel Stefanini Vicente": 0.4902439024390244, "zempleni": 0.3951219512195122, "cdrig": 0.36097560975609755, "victoirelouis": 0.12682926829268293, "Anne Ducout": 0.3195121951219512, "Kevin Doucet": 0.07073170731707316, "sharmadharmpal": 0.09268292682926829, "fkaren27": 0.47560975609756095, "Bijil Subhash": 0.08536585365853659, "Shan-Deng": 0.33658536585365856, "ShanDeng123": 0.32195121951219513, "Amar pratap singh": 0.16341463414634147, "Jorge Cipri\u00e1n": 0.44878048780487806, "Dimitri Papadopoulos Orfanos": 0.625, "Roman Yurchak": 0.8653846153846154, "Aur\u00e9lien Geron": 0.46829268292682924, "Jack Liu": 0.4853658536585366, "David Gutmann": 0.13902439024390245, "Weijia DU": 0.014634146341463414, "WeijiaDu": 0.04390243902439024, "msabatier": 0.05609756097560976, "Magali": 0.02195121951219512, "Magali Morin": 0.026829268292682926, "Sakina": 0.0, "sakinaOuisrani": 0.01707317073170732, "ducanne": 0.03902439024390244, "Fatima GASMI": 0.058536585365853655, "fatima GASMI": 0.007317073170731707, "Brenden Kadota": 0.45365853658536587, "Okon Samuel": 0.4292682926829268, "Fran\u00e7ois Goupil": 0.06341463414634146, "poloso": 0.10975609756097561, "Gabor Berei": 0.3170731707317073, "Arisa": 0.36341463414634145, "iofall": 0.4926829268292683, "Claudio Salvatore Arcidiacono": 0.4121951219512195, "claudio.arcidiacono": 0.5096153846153846, "Saif Ul Islam": 0.4317073170731707, "jeannedionisi": 0.4024390243902439, "Juan Martin Loyola": 0.8365384615384616, "JSchuerz": 0.424390243902439, "avm19": 0.37317073170731707, "Imbert Arthur": 0.44146341463414634, "Dennis Osei": 0.4975609756097561, "Aditya Singh": 0.1926829268292683, "siavrez": 0.7596153846153846, "Sam Adam Day": 0.35121951219512193, "Siqi He": 0.4658536585365854, "alexanmv": 0.07804878048780488, "Jaya Surya Kommireddy": 0.23170731707317074, "shaymerNaturalint": 0.11707317073170731, "combscCode": 0.16585365853658537, "Guillermo Tom\u00e1s Fern\u00e1ndez Mart\u00edn": 0.15121951219512195, "mpoemsl": 0.004878048780487805, "Kazim": 0.8173076923076923, "Tony": 0.7115384615384616, "Tony Attalla": 0.6730769230769231, "GAURAV CHOUDHARY": 0.17804878048780487, "Nakamura-Zimmerer, Tenavi (ARC-AF)": 0.25609756097560976, "Tenavi": 0.22682926829268293, "Thierry Gameiro": 0.33414634146341465, "titigmr": 0.32682926829268294, "NartayXD": 0.14146341463414633, "Alexandre Gramfort": 0.6442307692307692, "Ugo Marchand": 0.348780487804878, "mathurinm": 0.3926829268292683, "Sumit Saha": 0.03170731707317073, "Martel Corentin": 0.4585365853658537, "Tom Augspurger": 0.5384615384615384, "Amit": 0.13658536585365855, "Tyler Reddy": 0.1902439024390244, "Vladimir Kim": 0.07560975609756097, "vl.kim": 0.041463414634146344, "Niket Jain": 0.5769230769230769, "\u8d75\u4e30 (Zhao Feng)": 0.6346153846153846, "hmasdev": 0.17073170731707318, "Hideaki Imamura": 0.22195121951219512, "Nicki Skafte Detlefsen": 0.4951219512195122, "Dev514": 0.275609756097561, "Nadirhan \u015eahin": 0.2731707317073171, "Erich Schubert": 0.06097560975609756, "zero": 0.0975609756097561, "Sultan Orazbayev": 0.7692307692307692, "aufarkari": 0.8557692307692308, "bmreiniger": 0.6826923076923077, "Mohit Sharma": 0.22439024390243903, "Jay Stanley": 0.32926829268292684, "Emiko Sano": 0.21951219512195122, "Behrouz B": 0.23902439024390243, "Emmanouil Gionanidis": 0.3829268292682927, "Moonkyung94": 0.12195121951219512, "ShamanthNyk": 0.33170731707317075, "Sylesh": 0.44390243902439025, "Hind-M": 0.15365853658536585, "mlant": 0.012195121951219513, "Reshama Shaikh": 0.7307692307692308, "David Poznik": 0.11463414634146342, "Purna Chandra Mansingh": 0.29024390243902437, "Norbert Preining": 0.6153846153846154, "Ayan Bag": 0.13414634146341464, "Louis Wagner": 0.3073170731707317, "Wagner, Louis": 0.32439024390243903, "Yar Khine Phyo": 0.2975609756097561, "MarcoM": 0.17560975609756097, "drskd": 0.2707317073170732, "Geoffrey-Paris": 0.2658536585365854, "Atharva Patil": 0.1951219512195122, "hvassard": 0.2073170731707317, "Brandon Truth": 0.18292682926829268, "Takeshi Oura": 0.2048780487804878, "Sylvain MARIE": 0.7019230769230769, "Sylvain Mari\u00e9": 0.6634615384615384, "Aditya Raghuwanshi": 0.12926829268292683, "Nicolas Hug": 0.75, "murata-yu": 0.7211538461538461, "Rileran": 0.06585365853658537, "Juan Carlos Alfaro Jim\u00e9nez": 0.35365853658536583, "melemo2": 0.28536585365853656, "adijohar": 0.14390243902439023, "Mandy Gu": 0.34146341463414637, "happilyeverafter95": 0.3878048780487805, "Benjamin Bossan": 0.40487804878048783, "BenjaminBossan": 0.43902439024390244, "MrinalTyagi": 0.37073170731707317, "Hannah Bohle": 0.3097560975609756, "glennfrutiz": 0.1975609756097561, "Brian Sun": 0.2146341463414634, "sply88": 0.17317073170731706, "Vikrant khedkar": 0.3121951219512195, "Paul": 0.43658536585365854, "Frans Larsson": 0.1048780487804878, "Alex Leu": 0.08292682926829269, "Mr. Leu": 0.03414634146341464, "mandjevant": 0.24146341463414633, "Ken4git": 0.4, "katotten": 0.09024390243902439, "Tamires Santana": 0.04878048780487805, "Gauthier I": 0.4170731707317073, "MaggieChege": 0.07317073170731707, "ciku": 0.08048780487804878, "Sebastian Pujalte": 0.15609756097560976,