{"scores": {"Christian Lorentzen": 0.925, "Thomas J. Fan": 0.975, "Andrew Knyazev": 0.26875, "Guillaume Lemaitre": 0.9875, "EricEllwanger": 0.278125, "frellwan": 0.203125, "Ana Milanova": 0.38125000000000003, "milana2": 0.284375, "Juan Martin Loyola": 0.3125, "Adrin Jalali": 0.8625, "Nicolas Hug": 0.95, "Roman Yurchak": 0.9, "Tom Dupr\u00e9 la Tour": 0.875, "J Alexander": 0.28750000000000003, "Johnathan Alexander": 0.30625, "Olivier Grisel": 0.9625, "Reshama Shaikh": 0.359375, "TONY GEORGE": 0.265625, "Manimaran": 0.309375, "Shubhraneel Pal": 0.6625, "shubhraneel": 0.625, "Bharat Raghunathan": 0.484375, "baam": 0.446875, "Alexandre Gramfort": 0.75, "Julien Jerphanion": 0.9375, "Andr\u00e1s Simon": 0.390625, "J\u00e9r\u00e9mie du Boisberranger": 0.85, "Andreas Mueller": 0.5125, "t-jakubek": 0.27187500000000003, "kxytim": 0.209375, "Ezri Mudde": 0.046875, "Ezri-Mudde": 0.037500000000000006, "James Lamb": 0.09062500000000001, "Christopher Sobel": 0.028125, "chrissobel": 0.021875000000000002, "genvalen": 0.675, "Lucy Liu": 0.35000000000000003, "Harutaka Kawamura": 0.15000000000000002, "Eduardo Jardim": 0.45, "Prince Canuma": 0.171875, "Chiara Marmo": 0.9125, "Mehdi Hamoumi": 0.7125, "Michael Sloma": 0.7, "Shao Yang Hong": 0.8125, "Lo\u00efc Est\u00e8ve": 0.5, "Joan Massich": 0.5375, "Mathis Batoul": 0.6, "Ricardo Ferreira": 0.40625, "Oli.P": 0.55, "Oliver Pfaffel": 0.5875, "Joris Van den Bossche": 0.4625, "Fenil Suchak": 0.41875, "Frankie Robertson": 0.1125, "Elliot Kang": 0.296875, "Felix Hafner": 0.23125, "Mitzi": 0.42812500000000003, "Shuhei Kayawari": 0.478125, "arka204": 0.4375, "Jeff Zhao": 0.44062500000000004, "Gregory Strubel": 0.47500000000000003, "gregorystrubel": 0.44375000000000003, "Mohamed Khoualed": 0.29375, "Shyam Desai": 0.525, "Felipe Bidu Rodrigues": 0.41250000000000003, "Michal Karbownik": 0.34375, "Tobias Uhmann": 0.259375, "LalliAcqua": 0.35625, "la530489": 0.39375000000000004, "Maxwell Liu": 0.415625, "Kei Ishikawa": 0.49062500000000003, "Nic Annau": 0.040625, "Pawe\u0142 Olszewski": 0.07500000000000001, "Sean Benhur J": 0.6375, "Divyanshu Deoli": 0.15625, "Hugo DEFOIS": 0.575, "Hugo Defois": 0.49375, "Frederick Robinson": 0.19687500000000002, "Malte Londschien": 0.45937500000000003, "Jos\u00e9 Manuel N\u00e1poles Duarte": 0.12187500000000001, "Cristi\u00e1n Maureira-Fredes": 0.45625000000000004, "Tom\u00e1s Ronald Hughes": 0.42500000000000004, "Gabriel Stefanini Vicente": 0.7375, "JVM": 0.321875, "Joao Vitor Mascarenhas": 0.3375, "Leonardo Rocco": 0.17500000000000002, "Iv\u00e1n Pulido": 0.31875000000000003, "Aline Ribeiro de Almeida": 0.48750000000000004, "bumblebebee211196": 0.025, "bumblebee": 0.034375, "Patric Lacouth": 0.19062500000000002, "Jesse Lima": 0.375, "Gl\u00f2ria Maci\u00e0 Mu\u00f1oz": 0.16875, "caherrera-meli": 0.16562500000000002, "Jennifer Maldonado": 0.140625, "Toshihiro NAKAE": 0.05625, "Toshihiro Nakae": 0.09375, "Lucy Jim\u00e9nez": 0.384375, "Julio Batista Silva": 0.21875, "Mateo Nore\u00f1a": 0.096875, "Glen": 0.003125, "Sof\u00eda Denner": 0.00625, "Luccas Quadros": 0.21250000000000002, "marielaraj": 0.246875, "Pablo Ibieta-Jimenez": 0.3875, "Nico Stefani": 0.22187500000000002, "Sebastian Flores": 0.134375, "Maria Telenczuk": 0.775, "Tom\u00e1s Moreyra": 0.28125, "Uttam kumar": 0.11875000000000001, "Ian": 0.5625, "lacrosse91": 0.15937500000000002, "Benedikt Boecking": 0.115625, "LSturtew": 0.078125, "Alihan Zihna": 0.725, "Brian Sun": 0.8, "Venkatachalam N": 0.825, "naozin555": 0.8875, "murata-yu": 0.47187500000000004, "Whidou": 0.009375000000000001, "michalkrawczyk": 0.178125, "Jan Niklas B\u00f6hm": 0.496875, "jnboehm": 0.48125, "kobaski": 0.20625000000000002, "David Dale": 0.084375, "tom1092": 0.215625, "ZeyuSun": 0.1375, "kmatt10": 0.40937500000000004, "Haoyin Xu": 0.14375000000000002, "Sylvain Mari\u00e9": 0.7625, "Joel Nothman": 0.8375, "Sylvain MARIE": 0.6875, "Ray Bell": 0.0125, "Dmitry Kobak": 0.07187500000000001, "Andrew Delong": 0.13125, "Alexandr Fonari": 0.46875, "Sasha Fonari": 0.434375, "Dmytro S Lituiev": 0.65, "Isaack Mungui": 0.153125, "Christopher Yeh": 0.184375, "Shawn": 0.328125, "xiaoyuchai": 0.30312500000000003, "Oras Phongpanangam": 0.1, "Abdulelah S. Al Mesfer": 0.453125, "Shooter23": 0.125, "qdeffense": 0.2, "Albert Villanova del Moral": 0.25, "Alonso Silva Allende": 0.253125, "jiefangxuanyan": 0.421875, "Luca Bittarello": 0.36250000000000004, "makoeppel": 0.33125000000000004, "James Budarz": 0.0, "Albert Thomas": 0.6125, "Leandro Hermida": 0.109375, "Rodion Martynov": 0.0625, "marrodion": 0.053125000000000006, "Joris Clement": 0.015625, "flyingdutchman23": 0.065625, "Avi Gupta": 0.146875, "Vil\u00e9m Zouhar": 0.23750000000000002, "cinbez": 0.290625, "cliffordEmmanuel": 0.31562500000000004, "PierreAttard": 0.18125000000000002, "Jon Crall": 0.37812500000000004, "Alek Lefebvre": 0.240625, "Cycks": 0.03125, "Mohamed Haseeb": 0.05, "Samuel Brice": 0.018750000000000003, "Steven Kolawole": 0.10625000000000001, "Haidar Almubarak": 0.22812500000000002, "SteveKola": 0.234375, "xavier dupr\u00e9": 0.39687500000000003, "Juan Carlos Alfaro Jim\u00e9nez": 0.403125, "Atsushi Nukariya": 0.7875, "Hassan Alsawadi": 0.33437500000000003, "feras-oughali": 0.4, "hassanalsawadi": 0.30000000000000004, "Shivam": 0.36562500000000003, "shivamgargsya": 0.325, "simonamaggio": 0.34687500000000004, "baam333": 0.059375000000000004, "putschblos": 0.043750000000000004, "Vadim Ushtanit": 0.465625, "vadim-ushtanit": 0.43125, "CeeThinwa": 0.08125, "Muhammad Jarir Kanji": 0.25625000000000003, "Amanda Dsouza": 0.1875, "bmalezieux": 0.340625, "BaptBillard": 0.08750000000000001, "ZhaoweiWang": 0.24375000000000002, "EdwinWenink": 0.06875, "Erich Schubert": 0.353125, "Eric Fiegel": 0.19375, "David Poznik": 0.1625, "Surya Prakash": 0.2625, "prakashsur": 0.36875, "ranjanikrishnan": 0.12812500000000002, "amzliun": 0.371875, "ly648499246": 0.225, "Miao Cai": 0.275, "Kunj": 0.10312500000000001}}